Workbook

Sheet 개요
B2: Meta 비즈니스 연동 — QA 테스트 케이스
B4: 프로젝트 | C4: 03_Meta-Channel-Improvement (Meta 비즈니스 연동)
B5: 메뉴 경로 | C5: 부가서비스 > 부가서비스 > 채널 > Meta 비즈니스 (홈 / 연결 관리 / 상품 피드 / 광고 관리 / Shops 관리)
B6: 작성 근거 | C6: 05_Policy 1~11장(개요·공통·FBE 연동·연동 완료·연결 관리·상품 피드·선택 상품 카테고리 매칭·광고 관리·API·기타·CAPI·상품 ID 충돌 방지), 04_Screen-Spec 3-1 ~ 3-6-1
B7: 작성일 | C7: 2026-10-06
B8: 버전 | C8: v1.0
B9: 총 TC 수 | C9: =COUNTA('TC'!A:A)-1
B10: 프로토타입 | C10: 10_Prototype/index.html — 우측 하단 [시나리오 패널]로 연동 상태·자산 조회 실패·연결 해제 실패·광고 계정 상태·결제 방식·네이버/카카오 선행 조건을 전환하여 화면 TC를 재현할 수 있습니다.
B13: [유형]
B14: 정상 | C14: 정상 플로우가 의도대로 동작하는지 검증
B15: 예외 | C15: 잘못된 입력, 실패·중단 상황 등 예외 처리 검증
B16: Boundary | C16: 최소/최대값, 경계값 검증 (예: 옵션 300/301개, 1회 전송 100개, 조회기간 경계)
B17: Permission | C17: Meta 권한·토큰 상태(권한 미허용/회수, 토큰 만료, 자산 접근 권한)에 따른 접근 가능/불가 검증
B18: Regression | C18: 기존 기능(Google 채널, 네이버/카카오 연동, 저장 설정 유지 등)에 영향을 주지 않는지 회귀 검증
B19: [우선순위]
B20: P1 | C20: 핵심 플로우·정책 위반 시 서비스 장애/오전송으로 이어지는 항목 (릴리즈 차단)
B21: P2 | C21: 주요 기능·표시 정합성 항목
B22: P3 | C22: 보조 UI·안내 문구·툴팁 등
B23: [결과 입력] | C23: TC 시트 '결과' 열에서 미수행 / Pass / Fail / Block / N/A 중 선택, 테스터·테스트일·비고(이슈 번호) 입력
B24: [참고] | C24: 화면설계서 내 예시 데이터(계정명·상품명·수치·뱃지 예시 등)는 검증 대상이 아니며, 실제 연동 계정의 Meta API 조회값을 기준으로 확인합니다. '(개발 협조)' 표기 항목은 전송 로그·DB 확인이 필요한 서버 측 검증입니다.

Sheet 요약
B2: 테스트 진행 현황
B4: 영역 | C4: TC 수 | D4: P1 | E4: 미수행 | F4: Pass | G4: Fail | H4: Block | I4: N/A | J4: 진행률 | K4: Pass율
B5: 진입·홈 | C5: =COUNTIF(TC!$B:$B,$B5) | D5: =COUNTIFS(TC!$B:$B,$B5,TC!$E:$E,"P1") | E5: =COUNTIFS(TC!$B:$B,$B5,TC!$K:$K,"미수행") | F5: =COUNTIFS(TC!$B:$B,$B5,TC!$K:$K,"Pass") | G5: =COUNTIFS(TC!$B:$B,$B5,TC!$K:$K,"Fail") | H5: =COUNTIFS(TC!$B:$B,$B5,TC!$K:$K,"Block") | I5: =COUNTIFS(TC!$B:$B,$B5,TC!$K:$K,"N/A") | J5: =IF(C5=0,0,(C5-E5)/C5) | K5: =IF((C5-E5-I5)=0,0,F5/(C5-E5-I5))
B6: 연결 관리 | C6: =COUNTIF(TC!$B:$B,$B6) | D6: =COUNTIFS(TC!$B:$B,$B6,TC!$E:$E,"P1") | E6: =COUNTIFS(TC!$B:$B,$B6,TC!$K:$K,"미수행") | F6: =COUNTIFS(TC!$B:$B,$B6,TC!$K:$K,"Pass") | G6: =COUNTIFS(TC!$B:$B,$B6,TC!$K:$K,"Fail") | H6: =COUNTIFS(TC!$B:$B,$B6,TC!$K:$K,"Block") | I6: =COUNTIFS(TC!$B:$B,$B6,TC!$K:$K,"N/A") | J6: =IF(C6=0,0,(C6-E6)/C6) | K6: =IF((C6-E6-I6)=0,0,F6/(C6-E6-I6))
B7: FBE 연동 | C7: =COUNTIF(TC!$B:$B,$B7) | D7: =COUNTIFS(TC!$B:$B,$B7,TC!$E:$E,"P1") | E7: =COUNTIFS(TC!$B:$B,$B7,TC!$K:$K,"미수행") | F7: =COUNTIFS(TC!$B:$B,$B7,TC!$K:$K,"Pass") | G7: =COUNTIFS(TC!$B:$B,$B7,TC!$K:$K,"Fail") | H7: =COUNTIFS(TC!$B:$B,$B7,TC!$K:$K,"Block") | I7: =COUNTIFS(TC!$B:$B,$B7,TC!$K:$K,"N/A") | J7: =IF(C7=0,0,(C7-E7)/C7) | K7: =IF((C7-E7-I7)=0,0,F7/(C7-E7-I7))
B8: 카테고리 매칭(카테고리 단위) | C8: =COUNTIF(TC!$B:$B,$B8) | D8: =COUNTIFS(TC!$B:$B,$B8,TC!$E:$E,"P1") | E8: =COUNTIFS(TC!$B:$B,$B8,TC!$K:$K,"미수행") | F8: =COUNTIFS(TC!$B:$B,$B8,TC!$K:$K,"Pass") | G8: =COUNTIFS(TC!$B:$B,$B8,TC!$K:$K,"Fail") | H8: =COUNTIFS(TC!$B:$B,$B8,TC!$K:$K,"Block") | I8: =COUNTIFS(TC!$B:$B,$B8,TC!$K:$K,"N/A") | J8: =IF(C8=0,0,(C8-E8)/C8) | K8: =IF((C8-E8-I8)=0,0,F8/(C8-E8-I8))
B9: 상품 피드 | C9: =COUNTIF(TC!$B:$B,$B9) | D9: =COUNTIFS(TC!$B:$B,$B9,TC!$E:$E,"P1") | E9: =COUNTIFS(TC!$B:$B,$B9,TC!$K:$K,"미수행") | F9: =COUNTIFS(TC!$B:$B,$B9,TC!$K:$K,"Pass") | G9: =COUNTIFS(TC!$B:$B,$B9,TC!$K:$K,"Fail") | H9: =COUNTIFS(TC!$B:$B,$B9,TC!$K:$K,"Block") | I9: =COUNTIFS(TC!$B:$B,$B9,TC!$K:$K,"N/A") | J9: =IF(C9=0,0,(C9-E9)/C9) | K9: =IF((C9-E9-I9)=0,0,F9/(C9-E9-I9))
B10: 상품별 카테고리 매칭 | C10: =COUNTIF(TC!$B:$B,$B10) | D10: =COUNTIFS(TC!$B:$B,$B10,TC!$E:$E,"P1") | E10: =COUNTIFS(TC!$B:$B,$B10,TC!$K:$K,"미수행") | F10: =COUNTIFS(TC!$B:$B,$B10,TC!$K:$K,"Pass") | G10: =COUNTIFS(TC!$B:$B,$B10,TC!$K:$K,"Fail") | H10: =COUNTIFS(TC!$B:$B,$B10,TC!$K:$K,"Block") | I10: =COUNTIFS(TC!$B:$B,$B10,TC!$K:$K,"N/A") | J10: =IF(C10=0,0,(C10-E10)/C10) | K10: =IF((C10-E10-I10)=0,0,F10/(C10-E10-I10))
B11: 광고 관리 | C11: =COUNTIF(TC!$B:$B,$B11) | D11: =COUNTIFS(TC!$B:$B,$B11,TC!$E:$E,"P1") | E11: =COUNTIFS(TC!$B:$B,$B11,TC!$K:$K,"미수행") | F11: =COUNTIFS(TC!$B:$B,$B11,TC!$K:$K,"Pass") | G11: =COUNTIFS(TC!$B:$B,$B11,TC!$K:$K,"Fail") | H11: =COUNTIFS(TC!$B:$B,$B11,TC!$K:$K,"Block") | I11: =COUNTIFS(TC!$B:$B,$B11,TC!$K:$K,"N/A") | J11: =IF(C11=0,0,(C11-E11)/C11) | K11: =IF((C11-E11-I11)=0,0,F11/(C11-E11-I11))
B12: Shops 관리 | C12: =COUNTIF(TC!$B:$B,$B12) | D12: =COUNTIFS(TC!$B:$B,$B12,TC!$E:$E,"P1") | E12: =COUNTIFS(TC!$B:$B,$B12,TC!$K:$K,"미수행") | F12: =COUNTIFS(TC!$B:$B,$B12,TC!$K:$K,"Pass") | G12: =COUNTIFS(TC!$B:$B,$B12,TC!$K:$K,"Fail") | H12: =COUNTIFS(TC!$B:$B,$B12,TC!$K:$K,"Block") | I12: =COUNTIFS(TC!$B:$B,$B12,TC!$K:$K,"N/A") | J12: =IF(C12=0,0,(C12-E12)/C12) | K12: =IF((C12-E12-I12)=0,0,F12/(C12-E12-I12))
B13: 공통 | C13: =COUNTIF(TC!$B:$B,$B13) | D13: =COUNTIFS(TC!$B:$B,$B13,TC!$E:$E,"P1") | E13: =COUNTIFS(TC!$B:$B,$B13,TC!$K:$K,"미수행") | F13: =COUNTIFS(TC!$B:$B,$B13,TC!$K:$K,"Pass") | G13: =COUNTIFS(TC!$B:$B,$B13,TC!$K:$K,"Fail") | H13: =COUNTIFS(TC!$B:$B,$B13,TC!$K:$K,"Block") | I13: =COUNTIFS(TC!$B:$B,$B13,TC!$K:$K,"N/A") | J13: =IF(C13=0,0,(C13-E13)/C13) | K13: =IF((C13-E13-I13)=0,0,F13/(C13-E13-I13))
B14: 합계 | C14: =SUM(C5:C13) | D14: =SUM(D5:D13) | E14: =SUM(E5:E13) | F14: =SUM(F5:F13) | G14: =SUM(G5:G13) | H14: =SUM(H5:H13) | I14: =SUM(I5:I13) | J14: =IF(C14=0,0,(C14-E14)/C14) | K14: =IF((C14-E14-I14)=0,0,F14/(C14-E14-I14))
B16: 유형별 분포
B17: 유형 | C17: TC 수 | D17: Pass | E17: Fail
B18: 정상 | C18: =COUNTIF(TC!$D:$D,$B18) | D18: =COUNTIFS(TC!$D:$D,$B18,TC!$K:$K,"Pass") | E18: =COUNTIFS(TC!$D:$D,$B18,TC!$K:$K,"Fail")
B19: 예외 | C19: =COUNTIF(TC!$D:$D,$B19) | D19: =COUNTIFS(TC!$D:$D,$B19,TC!$K:$K,"Pass") | E19: =COUNTIFS(TC!$D:$D,$B19,TC!$K:$K,"Fail")
B20: Boundary | C20: =COUNTIF(TC!$D:$D,$B20) | D20: =COUNTIFS(TC!$D:$D,$B20,TC!$K:$K,"Pass") | E20: =COUNTIFS(TC!$D:$D,$B20,TC!$K:$K,"Fail")
B21: Permission | C21: =COUNTIF(TC!$D:$D,$B21) | D21: =COUNTIFS(TC!$D:$D,$B21,TC!$K:$K,"Pass") | E21: =COUNTIFS(TC!$D:$D,$B21,TC!$K:$K,"Fail")
B22: Regression | C22: =COUNTIF(TC!$D:$D,$B22) | D22: =COUNTIFS(TC!$D:$D,$B22,TC!$K:$K,"Pass") | E22: =COUNTIFS(TC!$D:$D,$B22,TC!$K:$K,"Fail")
B24: ※ 진행률 = (TC 수 − 미수행) ÷ TC 수, Pass율 = Pass ÷ (TC 수 − 미수행 − N/A). 모든 수치는 TC 시트 '결과' 열 입력값으로 자동 계산됩니다.

Sheet TC
A1: TC ID | B1: 영역 | C1: 기능 | D1: 유형 | E1: 우선순위 | F1: 시나리오 | G1: 사전조건 | H1: 테스트 절차 | I1: 기대 결과 | J1: 근거(정책/화면) | K1: 결과 | L1: 테스터 | M1: 테스트일 | N1: 비고(이슈 번호)
A2: META-HOME-001 | B2: 진입·홈 | C2: 채널 메뉴 | D2: 정상 | E2: P1 | F2: 채널 목록에 Meta 비즈니스 카드 노출 | G2: 관리자 로그인 | H2: 1. 부가서비스 > 부가서비스 > 채널 진입 | I2: 기존 '페이스북 연동' 카드 대신 'Meta 비즈니스' 카드가 노출된다. | J2: 정책 2-1 / 화면 3-1 | K2: 미수행
A3: META-HOME-002 | B3: 진입·홈 | C3: 채널 메뉴 | D3: 정상 | E3: P1 | F3: Meta 비즈니스 카드 클릭 시 홈 이동 | G3: 관리자 로그인 | H3: 1. 채널 목록에서 Meta 비즈니스 카드 클릭 | I3: Meta 비즈니스 홈(SCR 3-2) 화면으로 이동하고, 좌측 서브메뉴 '홈'이 활성화된다. | J3: 화면 3-1 #1 | K3: 미수행
A4: META-HOME-003 | B4: 진입·홈 | C4: 공통 레이아웃 | D4: 정상 | E4: P2 | F4: 페이지 타이틀·브레드크럼·서브메뉴 구성 | G4: 관리자 로그인 | H4: 1. Meta 비즈니스 메뉴 진입 2. 상단 타이틀/경로/좌측 메뉴 확인 | I4: 타이틀 'Meta 비즈니스'와 [매뉴얼], 경로 '부가서비스 > 부가서비스 > 채널 > Meta 비즈니스', 서브메뉴 홈/연결 관리/상품 피드/광고 관리/Shops 관리가 노출된다. | J4: 정책 1-1 / 화면 3-2 | K4: 미수행
A5: META-HOME-004 | B5: 진입·홈 | C5: 홈 버튼 노출 | D5: 정상 | E5: P1 | F5: 미연동 상태 홈 버튼 | G5: Meta 비즈니스 미연동 쇼핑몰(연동 이력 없음) | H5: 1. 홈 진입 2. 4개 영역(연결 관리/상품 피드/광고 관리/Shops 관리) 버튼 확인 | I5: 4개 영역 모두 [설정하기] 버튼만 노출되고 [자세히 보기]는 노출되지 않는다. | J5: 화면 3-2 공통 버튼 정책 | K5: 미수행
A6: META-HOME-005 | B6: 진입·홈 | C6: 홈 버튼 노출 | D6: 정상 | E6: P1 | F6: 연동 완료 + 카테고리 매칭 완료 상태 홈 버튼 | G6: FBE 연동 완료 + 카테고리 매칭 저장 완료, 상태별 상품 1건 이상 존재 | H6: 1. 홈 진입 2. 4개 영역 버튼 확인 | I6: 4개 영역 모두 [자세히 보기] 버튼만 노출된다. 두 버튼이 동시에 노출되지 않는다. | J6: 화면 3-2 공통 버튼 정책 | K6: 미수행
A7: META-HOME-006 | B7: 진입·홈 | C7: 홈 버튼 노출 | D7: 예외 | E7: P2 | F7: 연동 완료 + 카테고리 미설정 상태의 상품 피드 버튼 | G7: Meta 비즈니스 FBE 연동 완료(필수 자산 전체 수신), 카테고리 매칭 '다음에 반영' 처리 | H7: 1. 홈 진입 2. 상품 피드 영역 버튼 확인 | I7: 상품 피드 영역은 [설정하기]가 노출된다(미설정). 연결 관리/광고 관리/Shops 관리는 [자세히 보기]가 노출된다. | J7: 화면 3-2 #3 | K7: 미수행
A8: META-HOME-007 | B8: 진입·홈 | C8: 홈 버튼 이동 | D8: 정상 | E8: P1 | F8: 각 영역 버튼 클릭 시 해당 탭 이동 | G8: 관리자 로그인 | H8: 1. 연결 관리/상품 피드/광고 관리/Shops 관리 영역의 버튼을 각각 클릭 | I8: 각각 연결 관리 탭/상품 피드 탭/광고 관리 탭/Shops 관리 탭으로 이동한다. 버튼 종류([설정하기]/[자세히 보기])와 무관하게 이동 대상은 동일하다. | J8: 화면 3-2 #2~#5 | K8: 미수행
A9: META-HOME-008 | B9: 진입·홈 | C9: 서브메뉴 | D9: 정상 | E9: P2 | F9: 좌측 서브메뉴 탭 전환 | G9: 관리자 로그인 | H9: 1. 서브메뉴의 각 항목 클릭 | I9: 클릭한 탭 화면으로 전환되고 선택 항목이 활성(파란색, 좌측 바) 상태로 표시된다. | J9: 화면 3-2 | K9: 미수행
A10: META-CONN-001 | B10: 연결 관리 | C10: 미연동 화면 | D10: 정상 | E10: P1 | F10: 미연동 연결 관리 탭 Empty State | G10: Meta 비즈니스 미연동 쇼핑몰(연동 이력 없음) | H10: 1. 연결 관리 탭 진입 | I10: Meta 로고, '페이스북부터 인스타그램까지, 한 곳에서 간편하게 관리하세요.' 문구, [Facebook Business Extension 시작하기] 버튼, FBE 안내 문구가 노출된다. | J10: 정책 2장 가이드 안내 / 화면 3-3 | K10: 미수행
A11: META-CONN-002 | B11: 연결 관리 | C11: 개인정보 동의 | D11: 정상 | E11: P1 | F11: FBE 시작 클릭 시 개인정보 동의 모달 노출 | G11: Meta 비즈니스 미연동 쇼핑몰(연동 이력 없음) | H11: 1. [Facebook Business Extension 시작하기] 클릭 | I11: Meta 팝업보다 먼저 '페이스북 채널 개인정보 수집 및 이용 동의' 레이어 모달이 노출된다(0단계). | J11: 정책 2-5·2-6 0단계 / 화면 3-3-1 #1 | K11: 미수행
A12: META-CONN-003 | B12: 연결 관리 | C12: 개인정보 동의 | D12: 정상 | E12: P2 | F12: 동의 모달 구성 확인 | G12: 개인정보 동의 모달 노출 | H12: 1. 모달 내 항목 확인 | I12: 안내 문구, 제3자 제공 동의(필수) 박스, 개인정보 수집·이용 동의(메이크샵) 박스, 유의사항 5개 항목, 필수 체크박스 2개, [확인] 버튼이 노출된다. | J12: 화면 3-3-1 | K12: 미수행
A13: META-CONN-004 | B13: 연결 관리 | C13: 개인정보 동의 | D13: 정상 | E13: P3 | F13: 펼쳐보기 토글 | G13: 개인정보 동의 모달 노출 | H13: 1. 제3자 제공 동의 [펼쳐보기] 토글 ON 2. 다시 OFF | I13: ON 시 약관 상세 내용이 확장 노출되고, OFF 시 접힌다. | J13: 화면 3-3-1 #1-1 | K13: 미수행
... A268: META-COM-008 | B268: 공통 | C268: 회귀 | D268: Regression | E268: P2 | F268: 기존 페이스북 연동 카드 사용자 이관 | G268: 기존 페이스북 연동 사용 쇼핑몰 | H268: 1. 채널 메뉴 진입 | I268: 기존 카드명이 Meta 비즈니스로 변경되어 노출된다. | J268: 정책 2-1 | K268: 미수행

Sheet 참고_상태·문구
A1: 구분 | B1: 항목 | C1: 결정 주체 / 위치 | D1: 의미 / 문구 | E1: 근거
A2: 상품 피드 상태 | B2: 활동중 | C2: Meta | D2: Meta 승인이 완료되어 정상 노출 가능한 상태 | E2: 정책 5-2-4
A3: 상품 피드 상태 | B3: 검토중 | C3: Meta | D3: Meta로 상품 피드가 전송되어 검수 중인 상태 | E3: 정책 5-2-4
A4: 상품 피드 상태 | B4: 미승인 | C4: Meta | D4: Meta 커머스 정책 위반 등으로 거부된 상태 | E4: 정책 5-2-4
A5: 상품 피드 상태 | B5: 노출제한 | C5: 메이크샵 | D5: 상품 정보 또는 Meta 연동 기준을 충족하지 않아 사전 전송이 제한된 상태 | E5: 정책 5-2-4
A6: 상품 피드 상태 | B6: 사용안함 | C6: 메이크샵 | D6: 카테고리 미매칭 또는 사용여부 OFF로 피드 제외 | E6: 정책 5-2-4
A7: 상품 피드 상태 | B7: 미전송 | C7: 메이크샵 | D7: 전송 조건은 충족하지만 최신 상품 정보가 아직 Meta에 전송되지 않은 상태 | E7: 정책 5-2-4
A8: 상태 판정 순서 | B8: 우선순위 | C8: 메이크샵 | D8: 사용안함 → 노출제한 → 미전송 → Meta 상태(활동중/검토중/미승인) | E8: 정책 5-2-5
A9: 자산 상태 | B9: 정상 / 미연동 / 확인불가 | C9: Meta API | D9: 정상: 조회 성공 · 미연동: 자산 없음(IG 스킵 등) · 확인불가: 자산은 있으나 조회 실패(권한 회수, 토큰 만료, API 오류) | E9: 정책 1-2
A10: 광고 계정 상태 | B10: 활성/차단/비활성/미결제/펜딩 | C10: Meta | D10: 현재 상태 1개만 노출 | E10: 정책 7-3-2
A11: Alert | B11: 필수 동의 미체크 | C11: 연결 관리 | D11: 필수 동의 항목에 모두 동의해 주세요. | E11: 화면 3-3-1
A12: Confirm | B12: 카테고리 미매칭 닫기 | C12: 연결 관리 | D12: 카테고리를 매칭하지 않은 상품은 피드에서 제외되어 Meta에 노출되지 않습니다. 다음에 반영하시겠습니까? | E12: 정책 9-2 / 화면 3-3-2
... A30: URL | B30: 도메인 인증 자세히 보기 | C30: 연결 관리 | D30: https://www.facebook.com/business/help/321167023127050 | E30: 화면 3-3-3 #5
